{"version":"0.01","map":{"id":"aae03d2a-b7ca-4a88-9e41-9035287a12cc","name":"BorregasAve","parameterType":"map"},"agents":[{"id":"73805704-1e46-4eb6-b5f9-ec2244d5951e","uid":"0f45d68d-cf41-447c-aac0-ad9b4441d21b","variant":"Lincoln2017MKZ","type":1,"parameterType":"vehicle","transform":{"position":{"x":-24.2133827209473,"y":-1.80318319797516,"z":-16.2696380615234},"rotation":{"x":1.41993820667267,"y":104.916297912598,"z":5.33772350763684E-08}},"sensorsConfigurationId":"0d3ee751-db2d-43e2-bec0-26b6d73d80d8","destinationPoint":{"position":{"x":36.6865768432617,"y":-2.69546842575073,"z":-32.6856842041016},"rotation":{"x":1.08439838886261,"y":103.562690734863,"z":-5.33704067606777E-08},"isPlaybackPathVisible":false,"playbackWaypointsPath":[],"waypointsPathType":"Linear","waypointsLoop":false}},{"uid":"7e1fe2cd-5015-4dbf-ad7a-a13d19ae76dd","variant":"Robin","type":3,"parameterType":"","transform":{"position":{"x":19.7036609649658,"y":-2.3849196434021,"z":-11.2156162261963},"rotation":{"x":0.0691100582480431,"y":198.988433837891,"z":0}},"waypoints":[{"ordinalNumber":0,"position":{"x":16.452564239502,"y":-2.39697170257568,"z":-20.6636772155762},"angle":{"x":0.0691100582480431,"y":198.988433837891,"z":0},"speed":6,"acceleration":0,"waitTime":0,"trigger":{"effectors":[]}},{"ordinalNumber":1,"position":{"x":15.3493452072144,"y":-2.39696598052979,"z":-25.3350105285645},"angle":{"x":-6.83041944284923E-05,"y":193.287948608398,"z":8.14221899538697E-13},"speed":6,"acceleration":0,"waitTime":0,"trigger":{"effectors":[]}},{"ordinalNumber":2,"position":{"x":13.9198026657104,"y":-2.39881825447083,"z":-29.4735870361328},"angle":{"x":0.0242382250726223,"y":199.055877685547,"z":0},"speed":6,"acceleration":0,"waitTime":0,"trigger":{"effectors":[]}},{"ordinalNumber":3,"position":{"x":13.3406476974487,"y":-2.42645859718323,"z":-32.7493515014648},"angle":{"x":0.476057946681976,"y":190.026275634766,"z":0},"speed":6,"acceleration":0,"waitTime":0,"trigger":{"effectors":[]}},{"ordinalNumber":4,"position":{"x":11.8116855621338,"y":-2.22367215156555,"z":-37.8918342590332},"angle":{"x":357.835357666016,"y":196.558258056641,"z":-5.33989563678006E-08},"speed":6,"acceleration":0,"waitTime":0,"trigger":{"effectors":[]}},{"ordinalNumber":5,"position":{"x":11.7261075973511,"y":-2.09853672981262,"z":-50.851203918457},"angle":{"x":359.44677734375,"y":180.378341674805,"z":-2.08450548488948E-10},"speed":6,"acceleration":0,"waitTime":0,"trigger":{"effectors":[]}}],"waypointsPathType":"Linear","waypointsLoop":false}],"controllables":[{"uid":"1aff92f7-bb54-467c-b4d8-2a141de7a6bd","policy":[],"spawned":false},{"uid":"d3f49ec7-0c8f-447d-85d0-fb492dacada5","policy":[],"spawned":false},{"uid":"4087a726-ad47-4f95-a0eb-3709b6c7f670","policy":[],"spawned":false},{"uid":"730eded5-4c33-4141-9b1d-6c7d7a6708f3","policy":[],"spawned":false},{"uid":"14520767-36f7-4417-bd9a-fe0fdc4923c4","policy":[],"spawned":false},{"uid":"10465566-a498-43bd-9650-26d989884a4a","policy":[],"spawned":false},{"uid":"9e1dce77-debd-4688-aa76-1fca06e6a666","policy":[],"spawned":false},{"uid":"6e74cdb6-dd20-4592-bf25-9d596a02457e","policy":[],"spawned":false},{"uid":"7c991710-b786-4bc6-b87d-20370b7cffa6","policy":[],"spawned":false},{"uid":"7cf943f6-f43d-4288-8aec-f41393e18302","policy":[],"spawned":false},{"uid":"0c6cdeed-d5bb-4128-a5f9-a23a6cf47ac5","policy":[],"spawned":false},{"uid":"f7a2d27c-f50b-409a-a477-c39b4fd3a422","policy":[],"spawned":false},{"uid":"2625825d-18bb-4c34-8848-6f3a2eb84336","policy":[],"spawned":false},{"uid":"a34f995f-30aa-4e46-8fc8-159de508b2e1","policy":[],"spawned":false},{"uid":"2d07c8ec-6cf6-4c39-bff3-1b8b44a2e4fd","policy":[],"spawned":false}],"navData":{"navOrigins":[]}}