{"version":"0.01","map":{"id":"aae03d2a-b7ca-4a88-9e41-9035287a12cc","name":"BorregasAve","parameterType":"map"},"agents":[{"id":"73805704-1e46-4eb6-b5f9-ec2244d5951e","uid":"409e1dc2-ed54-4dcf-9e69-c8d4655a7907","variant":"Lincoln2017MKZ","type":1,"parameterType":"vehicle","transform":{"position":{"x":-24.893253326416,"y":-1.7934877872467,"z":-16.4838027954102},"rotation":{"x":1.41993820667267,"y":104.916297912598,"z":5.33772350763684E-08}},"sensorsConfigurationId":"0d3ee751-db2d-43e2-bec0-26b6d73d80d8","destinationPoint":{"position":{"x":42.8936424255371,"y":-2.95428800582886,"z":-34.1848602294922},"rotation":{"x":0.809563457965851,"y":94.0894393920898,"z":-2.66830895157E-08},"isPlaybackPathVisible":false,"playbackWaypointsPath":[],"waypointsPathType":"Linear","waypointsLoop":false}},{"uid":"0502c5ed-98b8-4feb-99e2-880af26ba0e1","variant":"Sedan","type":2,"parameterType":"","transform":{"position":{"x":-2.16935110092163,"y":-1.90835821628571,"z":3.72570610046387},"rotation":{"x":0.100653804838657,"y":195.489212036133,"z":-1.66752922581281E-09}},"behaviour":{"name":"NPCWaypointBehaviour","parameters":{"isLaneChange":false,"maxSpeed":0}},"color":{"r":0.619607746601105,"g":0.556862771511078,"b":0.462745010852814},"waypoints":[{"ordinalNumber":0,"position":{"x":-8.84297657012939,"y":-1.95225834846497,"z":-20.3562068939209},"angle":{"x":0.100653804838657,"y":195.489212036133,"z":-1.66752922581281E-09},"speed":6,"acceleration":0,"waitTime":0,"trigger":{"effectors":[]}},{"ordinalNumber":1,"position":{"x":-10.0324058532715,"y":-1.93100011348724,"z":-24.9388523101807},"angle":{"x":359.742736816406,"y":194.550094604492,"z":1.00052597318268E-08},"speed":6,"acceleration":0,"waitTime":0,"trigger":{"effectors":[]}},{"ordinalNumber":2,"position":{"x":-18.6660900115967,"y":-1.83442735671997,"z":-57.1422882080078},"angle":{"x":359.834045410156,"y":195.007965087891,"z":0},"speed":6,"acceleration":0,"waitTime":0,"trigger":{"effectors":[]}},{"ordinalNumber":3,"position":{"x":-20.5176582336426,"y":-1.81323385238647,"z":-64.2563934326172},"angle":{"x":359.834808349609,"y":194.58854675293,"z":-3.33506733340982E-09},"speed":6,"acceleration":0,"waitTime":0,"trigger":{"effectors":[]}}],"waypointsPathType":"Linear","waypointsLoop":false}],"controllables":[{"uid":"1aff92f7-bb54-467c-b4d8-2a141de7a6bd","policy":[],"spawned":false},{"uid":"d3f49ec7-0c8f-447d-85d0-fb492dacada5","policy":[],"spawned":false},{"uid":"4087a726-ad47-4f95-a0eb-3709b6c7f670","policy":[],"spawned":false},{"uid":"730eded5-4c33-4141-9b1d-6c7d7a6708f3","policy":[],"spawned":false},{"uid":"14520767-36f7-4417-bd9a-fe0fdc4923c4","policy":[],"spawned":false},{"uid":"10465566-a498-43bd-9650-26d989884a4a","policy":[],"spawned":false},{"uid":"9e1dce77-debd-4688-aa76-1fca06e6a666","policy":[],"spawned":false},{"uid":"6e74cdb6-dd20-4592-bf25-9d596a02457e","policy":[],"spawned":false},{"uid":"7c991710-b786-4bc6-b87d-20370b7cffa6","policy":[],"spawned":false},{"uid":"7cf943f6-f43d-4288-8aec-f41393e18302","policy":[],"spawned":false},{"uid":"0c6cdeed-d5bb-4128-a5f9-a23a6cf47ac5","policy":[],"spawned":false},{"uid":"f7a2d27c-f50b-409a-a477-c39b4fd3a422","policy":[],"spawned":false},{"uid":"2625825d-18bb-4c34-8848-6f3a2eb84336","policy":[],"spawned":false},{"uid":"a34f995f-30aa-4e46-8fc8-159de508b2e1","policy":[],"spawned":false},{"uid":"2d07c8ec-6cf6-4c39-bff3-1b8b44a2e4fd","policy":[],"spawned":false}],"navData":{"navOrigins":[]}}