{"version":"0.01","map":{"id":"aae03d2a-b7ca-4a88-9e41-9035287a12cc","name":"BorregasAve","parameterType":"map"},"agents":[{"id":"73805704-1e46-4eb6-b5f9-ec2244d5951e","uid":"929f2d6d-ea5a-4581-beff-9382ebbb2f82","variant":"Lincoln2017MKZ","type":1,"parameterType":"vehicle","transform":{"position":{"x":55.2892189025879,"y":-3.07594227790833,"z":-34.3131065368652},"rotation":{"x":0.818352222442627,"y":100.853286743164,"z":2.66831463591188E-08}},"sensorsConfigurationId":"0d3ee751-db2d-43e2-bec0-26b6d73d80d8","destinationPoint":{"position":{"x":205.770263671875,"y":-5.34035396575928,"z":-71.1604309082031},"rotation":{"x":0.825479507446289,"y":104.742301940918,"z":2.66831943207535E-08},"isPlaybackPathVisible":false,"playbackWaypointsPath":[],"waypointsPathType":"Linear","waypointsLoop":false}}],"controllables":[{"uid":"1aff92f7-bb54-467c-b4d8-2a141de7a6bd","policy":[],"spawned":false},{"uid":"d3f49ec7-0c8f-447d-85d0-fb492dacada5","policy":[],"spawned":false},{"uid":"4087a726-ad47-4f95-a0eb-3709b6c7f670","policy":[],"spawned":false},{"uid":"730eded5-4c33-4141-9b1d-6c7d7a6708f3","policy":[],"spawned":false},{"uid":"14520767-36f7-4417-bd9a-fe0fdc4923c4","policy":[],"spawned":false},{"uid":"10465566-a498-43bd-9650-26d989884a4a","policy":[],"spawned":false},{"uid":"9e1dce77-debd-4688-aa76-1fca06e6a666","policy":[],"spawned":false},{"uid":"6e74cdb6-dd20-4592-bf25-9d596a02457e","policy":[],"spawned":false},{"uid":"7c991710-b786-4bc6-b87d-20370b7cffa6","policy":[],"spawned":false},{"uid":"7cf943f6-f43d-4288-8aec-f41393e18302","policy":[],"spawned":false},{"uid":"0c6cdeed-d5bb-4128-a5f9-a23a6cf47ac5","policy":[],"spawned":false},{"uid":"f7a2d27c-f50b-409a-a477-c39b4fd3a422","policy":[],"spawned":false},{"uid":"2625825d-18bb-4c34-8848-6f3a2eb84336","policy":[],"spawned":false},{"uid":"a34f995f-30aa-4e46-8fc8-159de508b2e1","policy":[],"spawned":false},{"uid":"2d07c8ec-6cf6-4c39-bff3-1b8b44a2e4fd","policy":[],"spawned":false},{"uid":"af176219-b405-4004-86d4-eb6b75aed843","policy":[{"action":"state","value":""}],"spawned":true,"name":"TrafficCone","transform":{"position":{"x":66.2962112426758,"y":-3.26110911369324,"z":-35.5499725341797},"rotation":{"x":0,"y":0,"z":0}}},{"uid":"eee0c425-7e89-463d-bf9c-26368c4e6a12","policy":[{"action":"state","value":""}],"spawned":true,"name":"TrafficCone","transform":{"position":{"x":68.0609893798828,"y":-3.29325127601624,"z":-36.53955078125},"rotation":{"x":0,"y":0,"z":0}}},{"uid":"ad0d361a-223a-460a-9b9e-828362970989","policy":[{"action":"state","value":""}],"spawned":true,"name":"TrafficCone","transform":{"position":{"x":69.842155456543,"y":-3.3257155418396,"z":-37.5033111572266},"rotation":{"x":0,"y":0,"z":0}}},{"uid":"f4ea8b2c-04a6-4b11-b3ca-da3070b70eee","policy":[{"action":"state","value":""}],"spawned":true,"name":"TrafficCone","transform":{"position":{"x":71.7474670410156,"y":-3.3633496761322,"z":-38.8279151916504},"rotation":{"x":0,"y":0,"z":0}}},{"uid":"551b87bb-f6dc-4360-8160-9517d4a95f26","policy":[{"action":"state","value":""}],"spawned":true,"name":"TrafficCone","transform":{"position":{"x":73.5392456054688,"y":-3.39947271347046,"z":-40.1686515808105},"rotation":{"x":0,"y":0,"z":0}}},{"uid":"ee588410-5755-4b5a-8f93-9dc505647ba5","policy":[{"action":"state","value":""}],"spawned":true,"name":"TrafficCone","transform":{"position":{"x":76.1668548583984,"y":-3.44200110435486,"z":-40.9690780639648},"rotation":{"x":0,"y":0,"z":0}}},{"uid":"8b014f61-4e59-4b0a-9fc9-f12bf5e48873","policy":[{"action":"state","value":""}],"spawned":true,"name":"TrafficCone","transform":{"position":{"x":79.6634216308594,"y":-3.49228143692017,"z":-41.9997329711914},"rotation":{"x":0,"y":0,"z":0}}},{"uid":"a6c3cca2-fa3b-43ca-b0a5-9d47d7639491","policy":[{"action":"state","value":""}],"spawned":true,"name":"TrafficCone","transform":{"position":{"x":83.2953491210938,"y":-3.54560995101929,"z":-43.1979713439941},"rotation":{"x":0,"y":0,"z":0}}},{"uid":"bd9be0ea-a9a7-4d01-9014-c8934626cbbd","policy":[{"action":"state","value":""}],"spawned":true,"name":"TrafficCone","transform":{"position":{"x":86.8921127319336,"y":-3.60102009773254,"z":-44.159725189209},"rotation":{"x":0,"y":0,"z":0}}},{"uid":"23f841ce-e751-405b-9433-19bc8c0120c9","policy":[{"action":"state","value":""}],"spawned":true,"name":"TrafficCone","transform":{"position":{"x":90.1816253662109,"y":-3.65114521980286,"z":-44.9769134521484},"rotation":{"x":0,"y":0,"z":0}}},{"uid":"df6ae8bd-544d-4fd5-b443-e7e4dab4c4d0","policy":[{"action":"state","value":""}],"spawned":true,"name":"TrafficCone","transform":{"position":{"x":93.307731628418,"y":-3.69422197341919,"z":-45.7569694519043},"rotation":{"x":0,"y":0,"z":0}}},{"uid":"c5aa1254-717d-4200-ae2e-4c1dbae6b9b6","policy":[{"action":"state","value":""}],"spawned":true,"name":"TrafficCone","transform":{"position":{"x":96.3744430541992,"y":-3.73407173156738,"z":-46.6327857971191},"rotation":{"x":0,"y":0,"z":0}}},{"uid":"82d83a82-be60-4f1e-8bca-479f2753a791","policy":[{"action":"state","value":""}],"spawned":true,"name":"TrafficCone","transform":{"position":{"x":66.8692626953125,"y":-3.26455283164978,"z":-34.9476089477539},"rotation":{"x":0,"y":0,"z":0}}},{"uid":"75fe4662-c263-4e82-8980-697700fb6561","policy":[{"action":"state","value":""}],"spawned":true,"name":"TrafficCone","transform":{"position":{"x":68.4263458251953,"y":-3.29016637802124,"z":-35.4580612182617},"rotation":{"x":0,"y":0,"z":0}}},{"uid":"4fcf533e-48d4-4134-bcde-84661d70a991","policy":[{"action":"state","value":""}],"spawned":true,"name":"TrafficCone","transform":{"position":{"x":70.4279937744141,"y":-3.3217339515686,"z":-35.9484901428223},"rotation":{"x":0,"y":0,"z":0}}},{"uid":"b9d6eaf1-2f25-4510-b8ac-3f9840ddf55e","policy":[{"action":"state","value":""}],"spawned":true,"name":"TrafficCone","transform":{"position":{"x":72.2225341796875,"y":-3.34699845314026,"z":-36.3490905761719},"rotation":{"x":0,"y":0,"z":0}}},{"uid":"ec63db2c-c109-41fe-84a9-f79a9c59fe34","policy":[{"action":"state","value":""}],"spawned":true,"name":"TrafficCone","transform":{"position":{"x":74.6451187133789,"y":-3.383540391922,"z":-37.1206550598145},"rotation":{"x":0,"y":0,"z":0}}},{"uid":"f7745758-44ae-4aac-8046-f78c5f38120e","policy":[{"action":"state","value":""}],"spawned":true,"name":"TrafficCone","transform":{"position":{"x":77.1627731323242,"y":-3.42079329490662,"z":-37.8539810180664},"rotation":{"x":0,"y":0,"z":0}}},{"uid":"d3f41d68-c262-4303-9539-73434ab39b57","policy":[{"action":"state","value":""}],"spawned":true,"name":"TrafficCone","transform":{"position":{"x":79.7231903076172,"y":-3.46259355545044,"z":-38.8032417297363},"rotation":{"x":0,"y":0,"z":0}}},{"uid":"e0c1ee0e-6fb6-42b2-b450-81b9c1640d74","policy":[{"action":"state","value":""}],"spawned":true,"name":"TrafficCone","transform":{"position":{"x":82.3788604736328,"y":-3.50700116157532,"z":-39.531867980957},"rotation":{"x":0,"y":0,"z":0}}},{"uid":"b3043b8f-5ae4-493f-a062-f53ae9ca5e00","policy":[{"action":"state","value":""}],"spawned":true,"name":"TrafficCone","transform":{"position":{"x":86.6572265625,"y":-3.57567644119263,"z":-40.4288482666016},"rotation":{"x":0,"y":0,"z":0}}},{"uid":"e7f03746-5b33-456f-b377-7fe777bab69c","policy":[{"action":"state","value":""}],"spawned":true,"name":"TrafficCone","transform":{"position":{"x":89.6998977661133,"y":-3.62631154060364,"z":-41.3552398681641},"rotation":{"x":0,"y":0,"z":0}}},{"uid":"0464012d-a639-45fc-8a23-b565e000ef5a","policy":[{"action":"state","value":""}],"spawned":true,"name":"TrafficCone","transform":{"position":{"x":92.5126342773438,"y":-3.67192840576172,"z":-42.3884620666504},"rotation":{"x":0,"y":0,"z":0}}},{"uid":"5f585813-980a-4c4b-b781-8c1d779d4e43","policy":[{"action":"state","value":""}],"spawned":true,"name":"TrafficCone","transform":{"position":{"x":96.5621032714844,"y":-3.71830153465271,"z":-43.4362449645996},"rotation":{"x":0,"y":0,"z":0}}},{"uid":"8e199fe1-b655-4dd3-a195-6dafa8b2cd96","policy":[{"action":"state","value":""}],"spawned":true,"name":"TrafficCone","transform":{"position":{"x":96.2361373901367,"y":-3.7247257232666,"z":-45.0099296569824},"rotation":{"x":0,"y":0,"z":0}}}],"navData":{"navOrigins":[]}}