{"version":"0.01","map":{"id":"aae03d2a-b7ca-4a88-9e41-9035287a12cc","name":"BorregasAve","parameterType":"map"},"agents":[{"id":"73805704-1e46-4eb6-b5f9-ec2244d5951e","uid":"882d35f5-8bf9-4d45-a3b9-e46f10254607","variant":"Lincoln2017MKZ","type":1,"parameterType":"vehicle","transform":{"position":{"x":61.6665420532227,"y":-3.18775939941406,"z":-35.9467887878418},"rotation":{"x":0.825479090213776,"y":104.742309570313,"z":-8.00495953967584E-08}},"sensorsConfigurationId":"0d3ee751-db2d-43e2-bec0-26b6d73d80d8","destinationPoint":{"position":{"x":212.036163330078,"y":-5.50404691696167,"z":-72.7662048339844},"rotation":{"x":0.825479507446289,"y":104.742301940918,"z":2.66831943207535E-08},"isPlaybackPathVisible":false,"playbackWaypointsPath":[],"waypointsPathType":"Linear","waypointsLoop":false}},{"uid":"21dd8ee8-ae6a-4873-858f-94d0c46ba30d","variant":"Sedan","type":2,"parameterType":"","transform":{"position":{"x":83.1662521362305,"y":-3.53300619125366,"z":-41.6041107177734},"rotation":{"x":0.825479328632355,"y":104.742370605469,"z":0}},"behaviour":{"name":"NPCWaypointBehaviour","parameters":{"isLaneChange":false,"maxSpeed":0}},"color":{"r":0.619607746601105,"g":0.556862771511078,"b":0.462744891643524},"waypoints":[],"waypointsPathType":"Linear","waypointsLoop":false}],"controllables":[{"uid":"1aff92f7-bb54-467c-b4d8-2a141de7a6bd","policy":[],"spawned":false},{"uid":"d3f49ec7-0c8f-447d-85d0-fb492dacada5","policy":[],"spawned":false},{"uid":"4087a726-ad47-4f95-a0eb-3709b6c7f670","policy":[],"spawned":false},{"uid":"730eded5-4c33-4141-9b1d-6c7d7a6708f3","policy":[],"spawned":false},{"uid":"14520767-36f7-4417-bd9a-fe0fdc4923c4","policy":[],"spawned":false},{"uid":"10465566-a498-43bd-9650-26d989884a4a","policy":[],"spawned":false},{"uid":"9e1dce77-debd-4688-aa76-1fca06e6a666","policy":[],"spawned":false},{"uid":"6e74cdb6-dd20-4592-bf25-9d596a02457e","policy":[],"spawned":false},{"uid":"7c991710-b786-4bc6-b87d-20370b7cffa6","policy":[],"spawned":false},{"uid":"7cf943f6-f43d-4288-8aec-f41393e18302","policy":[],"spawned":false},{"uid":"0c6cdeed-d5bb-4128-a5f9-a23a6cf47ac5","policy":[],"spawned":false},{"uid":"f7a2d27c-f50b-409a-a477-c39b4fd3a422","policy":[],"spawned":false},{"uid":"2625825d-18bb-4c34-8848-6f3a2eb84336","policy":[],"spawned":false},{"uid":"a34f995f-30aa-4e46-8fc8-159de508b2e1","policy":[],"spawned":false},{"uid":"2d07c8ec-6cf6-4c39-bff3-1b8b44a2e4fd","policy":[],"spawned":false}],"navData":{"navOrigins":[]}}