{"version":"0.01","map":{"id":"aae03d2a-b7ca-4a88-9e41-9035287a12cc","name":"BorregasAve","parameterType":"map"},"agents":[{"id":"73805704-1e46-4eb6-b5f9-ec2244d5951e","uid":"8718896a-1a3a-4aaf-b16d-6f790d16aadd","variant":"Lincoln2017MKZ","type":1,"parameterType":"vehicle","transform":{"position":{"x":64.3141479492188,"y":-3.23746275901794,"z":-36.6434631347656},"rotation":{"x":0.825479090213776,"y":104.742309570313,"z":-8.00495953967584E-08}},"sensorsConfigurationId":"0d3ee751-db2d-43e2-bec0-26b6d73d80d8","destinationPoint":{"position":{"x":157.554656982422,"y":-4.6556510925293,"z":-57.076774597168},"rotation":{"x":0.825479507446289,"y":104.742301940918,"z":2.66831943207535E-08},"isPlaybackPathVisible":false,"playbackWaypointsPath":[],"waypointsPathType":"Linear","waypointsLoop":false}},{"uid":"2eced862-1c4f-4273-9f02-f80061979e54","variant":"Bicyclist","type":2,"parameterType":"","transform":{"position":{"x":60.3338737487793,"y":-3.26205921173096,"z":-40.7777938842773},"rotation":{"x":0.957495748996735,"y":105.347549438477,"z":0}},"behaviour":{"name":"NPCWaypointBehaviour","parameters":{"isLaneChange":false,"maxSpeed":0}},"color":{"r":0,"g":0.082352913916111,"b":0.356862723827362},"waypoints":[{"ordinalNumber":0,"position":{"x":70.8691253662109,"y":-3.44464635848999,"z":-43.6693115234375},"angle":{"x":0.957495748996735,"y":105.347549438477,"z":0},"speed":6,"acceleration":0,"waitTime":0,"trigger":{"effectors":[]}},{"ordinalNumber":1,"position":{"x":80.7328872680664,"y":-3.59961652755737,"z":-45.9083824157715},"angle":{"x":0.877775728702545,"y":102.789390563965,"z":0},"speed":6,"acceleration":0,"waitTime":0,"trigger":{"effectors":[]}},{"ordinalNumber":2,"position":{"x":89.2136917114258,"y":-3.62850093841553,"z":-43.1954078674316},"angle":{"x":0.185862198472023,"y":72.2607345581055,"z":-6.67014177224701E-09},"speed":6,"acceleration":0,"waitTime":0,"trigger":{"effectors":[]}},{"ordinalNumber":3,"position":{"x":94.4191055297852,"y":-3.70311045646667,"z":-44.5651359558105},"angle":{"x":0.794138491153717,"y":104.74235534668,"z":2.66829864870033E-08},"speed":6,"acceleration":0,"waitTime":0,"trigger":{"effectors":[]}},{"ordinalNumber":4,"position":{"x":100.844116210938,"y":-3.78112387657166,"z":-46.255786895752},"angle":{"x":0.672760605812073,"y":104.742393493652,"z":8.00467958583795E-08},"speed":6,"acceleration":0,"waitTime":0,"trigger":{"effectors":[]}},{"ordinalNumber":5,"position":{"x":105.00611114502,"y":-3.90654182434082,"z":-52.628345489502},"angle":{"x":0.944028079509735,"y":146.850967407227,"z":0},"speed":6,"acceleration":0,"waitTime":0,"trigger":{"effectors":[]}},{"ordinalNumber":6,"position":{"x":116.359222412109,"y":-4.03443384170532,"z":-55.5889282226563},"angle":{"x":0.62452220916748,"y":104.615676879883,"z":-2.66820112670985E-08},"speed":6,"acceleration":0,"waitTime":0,"trigger":{"effectors":[]}},{"ordinalNumber":7,"position":{"x":127.245208740234,"y":-4.15654373168945,"z":-58.4500885009766},"angle":{"x":0.62156093120575,"y":104.725982666016,"z":2.66819952798869E-08},"speed":6,"acceleration":0,"waitTime":0,"trigger":{"effectors":[]}},{"ordinalNumber":8,"position":{"x":137.870819091797,"y":-4.29363822937012,"z":-61.3855056762695},"angle":{"x":0.712518155574799,"y":105.44327545166,"z":0},"speed":6,"acceleration":0,"waitTime":0,"trigger":{"effectors":[]}}],"waypointsPathType":"Linear","waypointsLoop":false}],"controllables":[{"uid":"1aff92f7-bb54-467c-b4d8-2a141de7a6bd","policy":[],"spawned":false},{"uid":"d3f49ec7-0c8f-447d-85d0-fb492dacada5","policy":[],"spawned":false},{"uid":"4087a726-ad47-4f95-a0eb-3709b6c7f670","policy":[],"spawned":false},{"uid":"730eded5-4c33-4141-9b1d-6c7d7a6708f3","policy":[],"spawned":false},{"uid":"14520767-36f7-4417-bd9a-fe0fdc4923c4","policy":[],"spawned":false},{"uid":"10465566-a498-43bd-9650-26d989884a4a","policy":[],"spawned":false},{"uid":"9e1dce77-debd-4688-aa76-1fca06e6a666","policy":[],"spawned":false},{"uid":"6e74cdb6-dd20-4592-bf25-9d596a02457e","policy":[],"spawned":false},{"uid":"7c991710-b786-4bc6-b87d-20370b7cffa6","policy":[],"spawned":false},{"uid":"7cf943f6-f43d-4288-8aec-f41393e18302","policy":[],"spawned":false},{"uid":"0c6cdeed-d5bb-4128-a5f9-a23a6cf47ac5","policy":[],"spawned":false},{"uid":"f7a2d27c-f50b-409a-a477-c39b4fd3a422","policy":[],"spawned":false},{"uid":"2625825d-18bb-4c34-8848-6f3a2eb84336","policy":[],"spawned":false},{"uid":"a34f995f-30aa-4e46-8fc8-159de508b2e1","policy":[],"spawned":false},{"uid":"2d07c8ec-6cf6-4c39-bff3-1b8b44a2e4fd","policy":[],"spawned":false}],"navData":{"navOrigins":[]}}