{"version":"0.01","map":{"id":"aae03d2a-b7ca-4a88-9e41-9035287a12cc","name":"BorregasAve","parameterType":"map"},"agents":[{"id":"73805704-1e46-4eb6-b5f9-ec2244d5951e","uid":"2483a624-b69f-4e99-a918-4db3b580af56","variant":"Lincoln2017MKZ","type":1,"parameterType":"vehicle","transform":{"position":{"x":141.191635131836,"y":-4.54984283447266,"z":-30.5972309112549},"rotation":{"x":359.176025390625,"y":284.852386474609,"z":0}},"sensorsConfigurationId":"0d3ee751-db2d-43e2-bec0-26b6d73d80d8","destinationPoint":{"position":{"x":108.107353210449,"y":-3.86292243003845,"z":-44.0989112854004},"rotation":{"x":359.176025390625,"y":284.852386474609,"z":0},"isPlaybackPathVisible":false,"playbackWaypointsPath":[],"waypointsPathType":"Linear","waypointsLoop":false}},{"uid":"d3d39c2c-84ee-4167-92d1-e36f15884053","variant":"BoxTruck","type":2,"parameterType":"","transform":{"position":{"x":149.734573364258,"y":-4.35272645950317,"z":-55.1380233764648},"rotation":{"x":359.284423828125,"y":284.852386474609,"z":5.33650137413133E-08}},"behaviour":{"name":"NPCWaypointBehaviour","parameters":{"isLaneChange":false,"maxSpeed":0}},"color":{"r":0.943396210670471,"g":0.943396210670471,"b":0.943396210670471},"waypoints":[{"ordinalNumber":0,"position":{"x":138.036773681641,"y":-4.20157289505005,"z":-52.0358848571777},"angle":{"x":359.284423828125,"y":284.852386474609,"z":0},"speed":6,"acceleration":0,"waitTime":0,"trigger":{"effectors":[]}},{"ordinalNumber":1,"position":{"x":134.268692016602,"y":-4.15412425994873,"z":-51.0366287231445},"angle":{"x":359.302642822266,"y":284.852386474609,"z":-5.33648041312063E-08},"speed":6,"acceleration":0,"waitTime":0,"trigger":{"effectors":[]}},{"ordinalNumber":2,"position":{"x":127.388343811035,"y":-4.10270357131958,"z":-49.2120323181152},"angle":{"x":359.586120605469,"y":284.852355957031,"z":1.33405615443394E-08},"speed":6,"acceleration":0,"waitTime":0,"trigger":{"effectors":[]}},{"ordinalNumber":3,"position":{"x":119.71076965332,"y":-4.0440878868103,"z":-47.1760177612305},"angle":{"x":359.577178955078,"y":284.852386474609,"z":-2.66811550631019E-08},"speed":6,"acceleration":0,"waitTime":0,"trigger":{"effectors":[]}}],"waypointsPathType":"Linear","waypointsLoop":false}],"controllables":[{"uid":"1aff92f7-bb54-467c-b4d8-2a141de7a6bd","policy":[],"spawned":false},{"uid":"d3f49ec7-0c8f-447d-85d0-fb492dacada5","policy":[],"spawned":false},{"uid":"4087a726-ad47-4f95-a0eb-3709b6c7f670","policy":[],"spawned":false},{"uid":"730eded5-4c33-4141-9b1d-6c7d7a6708f3","policy":[],"spawned":false},{"uid":"14520767-36f7-4417-bd9a-fe0fdc4923c4","policy":[],"spawned":false},{"uid":"10465566-a498-43bd-9650-26d989884a4a","policy":[],"spawned":false},{"uid":"9e1dce77-debd-4688-aa76-1fca06e6a666","policy":[],"spawned":false},{"uid":"6e74cdb6-dd20-4592-bf25-9d596a02457e","policy":[],"spawned":false},{"uid":"7c991710-b786-4bc6-b87d-20370b7cffa6","policy":[],"spawned":false},{"uid":"7cf943f6-f43d-4288-8aec-f41393e18302","policy":[],"spawned":false},{"uid":"0c6cdeed-d5bb-4128-a5f9-a23a6cf47ac5","policy":[],"spawned":false},{"uid":"f7a2d27c-f50b-409a-a477-c39b4fd3a422","policy":[],"spawned":false},{"uid":"2625825d-18bb-4c34-8848-6f3a2eb84336","policy":[],"spawned":false},{"uid":"a34f995f-30aa-4e46-8fc8-159de508b2e1","policy":[],"spawned":false},{"uid":"2d07c8ec-6cf6-4c39-bff3-1b8b44a2e4fd","policy":[],"spawned":false}],"navData":{"navOrigins":[]}}