{"version":"0.01","map":{"id":"aae03d2a-b7ca-4a88-9e41-9035287a12cc","name":"BorregasAve","parameterType":"map"},"agents":[{"id":"73805704-1e46-4eb6-b5f9-ec2244d5951e","uid":"3bcf7cbe-3a39-4b40-b665-c4d4ac0e9f5b","variant":"Lincoln2017MKZ","type":1,"parameterType":"vehicle","transform":{"position":{"x":47.9004821777344,"y":-2.97292947769165,"z":-5.56315898895264},"rotation":{"x":359.08837890625,"y":285.301605224609,"z":0}},"sensorsConfigurationId":"0d3ee751-db2d-43e2-bec0-26b6d73d80d8","destinationPoint":{"position":{"x":19.0946292877197,"y":-2.36376738548279,"z":28.2243881225586},"rotation":{"x":0.0999745577573776,"y":13.3842735290527,"z":8.33764612906407E-10},"isPlaybackPathVisible":false,"playbackWaypointsPath":[],"waypointsPathType":"Linear","waypointsLoop":false}},{"uid":"7d522c4f-5638-4cb8-a180-e3a6be4a465d","variant":"SUV","type":2,"parameterType":"","transform":{"position":{"x":21.0398559570313,"y":-2.48512530326843,"z":-18.1968002319336},"rotation":{"x":359.111755371094,"y":301.877746582031,"z":0}},"behaviour":{"name":"NPCWaypointBehaviour","parameters":{"isLaneChange":false,"maxSpeed":0}},"color":{"r":0.0141509473323822,"g":0.24999988079071,"b":0.0235849004238844},"waypoints":[],"waypointsPathType":"Linear","waypointsLoop":false},{"uid":"2437afbb-a830-42c0-8bdc-8314efc0fe9d","variant":"SUV","type":2,"parameterType":"","transform":{"position":{"x":28.7901935577393,"y":-2.61221933364868,"z":-22.1449394226074},"rotation":{"x":359.087829589844,"y":288.608703613281,"z":-5.33676143277262E-08}},"behaviour":{"name":"NPCWaypointBehaviour","parameters":{"isLaneChange":false,"maxSpeed":0}},"color":{"r":0.0141509473323822,"g":0.249999970197678,"b":0.0235849004238844},"waypoints":[],"waypointsPathType":"Linear","waypointsLoop":false},{"uid":"397e4e6d-6267-481f-bbea-8e2e08613b33","variant":"SUV","type":2,"parameterType":"","transform":{"position":{"x":35.6865882873535,"y":-2.71889138221741,"z":-24.4392547607422},"rotation":{"x":359.088287353516,"y":286.939117431641,"z":0}},"behaviour":{"name":"NPCWaypointBehaviour","parameters":{"isLaneChange":false,"maxSpeed":0}},"color":{"r":0.0141509473323822,"g":0.249999970197678,"b":0.0235849004238844},"waypoints":[],"waypointsPathType":"Linear","waypointsLoop":false},{"uid":"c178e346-d66c-4bed-8399-2dbb31ffbc28","variant":"SUV","type":2,"parameterType":"","transform":{"position":{"x":44.5580749511719,"y":-2.90517258644104,"z":-27.1412353515625},"rotation":{"x":359.08837890625,"y":285.301605224609,"z":0}},"behaviour":{"name":"NPCWaypointBehaviour","parameters":{"isLaneChange":false,"maxSpeed":0}},"color":{"r":0.0141509473323822,"g":0.249999970197678,"b":0.0235849004238844},"waypoints":[],"waypointsPathType":"Linear","waypointsLoop":false},{"uid":"5f26fd07-177a-40ad-b259-9f3f36c432be","variant":"Jeep","type":2,"parameterType":"","transform":{"position":{"x":20.8647613525391,"y":-2.47076392173767,"z":-24.0170955657959},"rotation":{"x":359.044830322266,"y":284.097869873047,"z":0}},"behaviour":{"name":"NPCWaypointBehaviour","parameters":{"isLaneChange":false,"maxSpeed":0}},"color":{"r":1,"g":0.442666560411453,"b":0.251999884843826},"waypoints":[],"waypointsPathType":"Linear","waypointsLoop":false},{"uid":"a1c9d191-fd36-45e1-b02f-a6a7dc7a0f98","variant":"Jeep","type":2,"parameterType":"","transform":{"position":{"x":27.7680339813232,"y":-2.59502625465393,"z":-25.7905616760254},"rotation":{"x":359.044372558594,"y":284.905303955078,"z":-5.33682715797568E-08}},"behaviour":{"name":"NPCWaypointBehaviour","parameters":{"isLaneChange":false,"maxSpeed":0}},"color":{"r":1,"g":0.442666590213776,"b":0.251999914646149},"waypoints":[],"waypointsPathType":"Linear","waypointsLoop":false},{"uid":"76e0bbae-ef30-46aa-9dd4-cc6ee4bff572","variant":"Jeep","type":2,"parameterType":"","transform":{"position":{"x":34.1102981567383,"y":-2.70533084869385,"z":-27.4205837249756},"rotation":{"x":359.046539306641,"y":282.423400878906,"z":0}},"behaviour":{"name":"NPCWaypointBehaviour","parameters":{"isLaneChange":false,"maxSpeed":0}},"color":{"r":1,"g":0.442666590213776,"b":0.251999914646149},"waypoints":[],"waypointsPathType":"Linear","waypointsLoop":false},{"uid":"bdad5eef-0d5e-4601-aa0e-c341f25ab04e","variant":"Jeep","type":2,"parameterType":"","transform":{"position":{"x":39.3761100769043,"y":-2.79326963424683,"z":-28.5806045532227},"rotation":{"x":359.046539306641,"y":282.423400878906,"z":0}},"behaviour":{"name":"NPCWaypointBehaviour","parameters":{"isLaneChange":false,"maxSpeed":0}},"color":{"r":1,"g":0.442666590213776,"b":0.251999914646149},"waypoints":[],"waypointsPathType":"Linear","waypointsLoop":false},{"uid":"4c7263ba-2d74-471e-9977-c700525ee91b","variant":"Jeep","type":2,"parameterType":"","transform":{"position":{"x":48.8891067504883,"y":-2.96419095993042,"z":-29.8834953308105},"rotation":{"x":359.065979003906,"y":274.734252929688,"z":0}},"behaviour":{"name":"NPCWaypointBehaviour","parameters":{"isLaneChange":false,"maxSpeed":0}},"color":{"r":1,"g":0.442666590213776,"b":0.251999914646149},"waypoints":[],"waypointsPathType":"Linear","waypointsLoop":false}],"controllables":[{"uid":"1aff92f7-bb54-467c-b4d8-2a141de7a6bd","policy":[],"spawned":false},{"uid":"d3f49ec7-0c8f-447d-85d0-fb492dacada5","policy":[],"spawned":false},{"uid":"4087a726-ad47-4f95-a0eb-3709b6c7f670","policy":[],"spawned":false},{"uid":"730eded5-4c33-4141-9b1d-6c7d7a6708f3","policy":[],"spawned":false},{"uid":"14520767-36f7-4417-bd9a-fe0fdc4923c4","policy":[],"spawned":false},{"uid":"10465566-a498-43bd-9650-26d989884a4a","policy":[],"spawned":false},{"uid":"9e1dce77-debd-4688-aa76-1fca06e6a666","policy":[],"spawned":false},{"uid":"6e74cdb6-dd20-4592-bf25-9d596a02457e","policy":[],"spawned":false},{"uid":"7c991710-b786-4bc6-b87d-20370b7cffa6","policy":[],"spawned":false},{"uid":"7cf943f6-f43d-4288-8aec-f41393e18302","policy":[],"spawned":false},{"uid":"0c6cdeed-d5bb-4128-a5f9-a23a6cf47ac5","policy":[],"spawned":false},{"uid":"f7a2d27c-f50b-409a-a477-c39b4fd3a422","policy":[],"spawned":false},{"uid":"2625825d-18bb-4c34-8848-6f3a2eb84336","policy":[],"spawned":false},{"uid":"a34f995f-30aa-4e46-8fc8-159de508b2e1","policy":[],"spawned":false},{"uid":"2d07c8ec-6cf6-4c39-bff3-1b8b44a2e4fd","policy":[],"spawned":false}],"navData":{"navOrigins":[]}}